                  epoch,         train/box_loss,         train/cls_loss,         train/dfl_loss,   metrics/precision(B),      metrics/recall(B),       metrics/mAP50(B),    metrics/mAP50-95(B),           val/box_loss,           val/cls_loss,           val/dfl_loss,                 lr/pg0,                 lr/pg1,                 lr/pg2
                      0,                 1.7912,                 3.4605,                 2.0518,                0.47864,                0.42375,                0.46243,                0.24667,                 1.5367,                  2.811,                  2.036,               0.070248,              0.0033058,              0.0033058
                      1,                  1.553,                 2.2295,                 1.7455,                0.77957,                0.74026,                0.81988,                0.43337,                   1.65,                 1.9214,                 2.1562,               0.040215,              0.0066063,              0.0066063
                      2,                 1.5304,                 1.8558,                 1.6982,                0.84498,                0.79537,                0.87776,                0.46518,                 1.6568,                 1.5716,                 2.1362,               0.010149,              0.0098737,              0.0098737
                      3,                 1.5229,                 1.7051,                 1.7085,                0.74799,                0.84431,                0.89544,                0.49039,                 1.6266,                 1.5219,                 2.1172,              0.0098515,              0.0098515,              0.0098515
                      4,                 1.4758,                  1.524,                 1.6566,                 0.5383,                0.60742,                0.57316,                0.24373,                 1.9049,                 2.1792,                 2.4632,              0.0098515,              0.0098515,              0.0098515
                      5,                 1.4348,                 1.3703,                 1.6277,                0.94861,                0.90528,                0.95965,                0.57829,                 1.4419,                 1.0337,                 1.9007,               0.009802,               0.009802,               0.009802
                      6,                 1.3881,                 1.2567,                   1.58,                0.87622,                0.90613,                0.95898,                0.59497,                 1.3659,                 1.0628,                 1.8313,              0.0097525,              0.0097525,              0.0097525
                      7,                 1.3834,                 1.1978,                 1.5593,                0.91154,                0.91593,                0.96138,                0.61824,                 1.3404,                0.84317,                 1.8274,               0.009703,               0.009703,               0.009703
                      8,                 1.3425,                 1.1133,                 1.5237,                0.95506,                0.93451,                0.98074,                0.63136,                 1.2879,                0.86013,                 1.7526,              0.0096535,              0.0096535,              0.0096535
                      9,                 1.3148,                 1.0501,                 1.5201,                0.95634,                0.95727,                0.97702,                0.62909,                 1.3206,                0.76681,                 1.7783,               0.009604,               0.009604,               0.009604
                     10,                 1.3104,                 1.0241,                  1.506,                0.95198,                0.97423,                 0.9804,                0.63673,                 1.3374,                0.74293,                 1.7875,              0.0095545,              0.0095545,              0.0095545
                     11,                 1.2775,                0.96829,                 1.4939,                0.88385,                0.90731,                0.93898,                 0.6157,                 1.3257,                0.80813,                 1.7748,               0.009505,               0.009505,               0.009505
                     12,                 1.2871,                0.94741,                 1.4994,                0.90865,                0.88903,                 0.9613,                0.53904,                 1.6584,                0.89325,                 2.0233,              0.0094555,              0.0094555,              0.0094555
                     13,                 1.2697,                0.91248,                  1.469,                0.94848,                0.95293,                0.97002,                0.65661,                  1.254,                0.71671,                 1.6886,               0.009406,               0.009406,               0.009406
                     14,                 1.2451,                0.91178,                 1.4547,                0.97448,                0.98129,                 0.9907,                0.66925,                 1.2293,                0.65315,                 1.6918,              0.0093565,              0.0093565,              0.0093565
                     15,                 1.2309,                0.86679,                 1.4495,                0.87736,                0.89772,                 0.9569,                 0.6129,                 1.3589,                0.76692,                 1.8112,               0.009307,               0.009307,               0.009307
                     16,                 1.2306,                0.85762,                  1.449,                0.92284,                0.91469,                0.97593,                0.66367,                 1.2568,                0.74994,                 1.6998,              0.0092575,              0.0092575,              0.0092575
                     17,                 1.2206,                0.84424,                 1.4471,                0.96881,                0.97672,                0.98844,                0.67176,                 1.2171,                0.58214,                 1.6534,               0.009208,               0.009208,               0.009208
                     18,                 1.1935,                0.80158,                 1.4146,                0.96828,                0.92908,                0.98321,                0.68322,                 1.1848,                0.58626,                 1.6407,              0.0091585,              0.0091585,              0.0091585
                     19,                 1.1792,                0.79024,                 1.4134,                0.95648,                0.95372,                0.98526,                0.66959,                 1.2245,                0.61212,                 1.6649,               0.009109,               0.009109,               0.009109
                     20,                  1.187,                0.78818,                 1.4181,                0.96936,                0.97834,                0.98952,                0.66427,                 1.2787,                0.60173,                   1.71,              0.0090595,              0.0090595,              0.0090595
                     21,                 1.1608,                  0.771,                  1.409,                0.97572,                0.99171,                0.99283,                0.70031,                 1.1802,                0.52464,                 1.6309,                0.00901,                0.00901,                0.00901
                     22,                 1.1824,                0.77801,                 1.4089,                0.95968,                0.97825,                0.99203,                 0.7008,                 1.1396,                0.55866,                 1.5837,              0.0089605,              0.0089605,              0.0089605
                     23,                 1.1517,                0.75313,                 1.3958,                0.98994,                0.98856,                0.99441,                0.71367,                 1.0843,                 0.4951,                  1.547,               0.008911,               0.008911,               0.008911
                     24,                 1.1521,                  0.727,                 1.3923,                 0.9686,                0.98502,                0.99279,                0.69335,                 1.1566,                 0.5237,                 1.6011,              0.0088615,              0.0088615,              0.0088615
                     25,                 1.1262,                0.71999,                 1.3707,                0.97741,                0.96069,                0.98944,                 0.6743,                 1.2142,                0.56826,                 1.6534,               0.008812,               0.008812,               0.008812
                     26,                  1.139,                 0.7268,                 1.3759,                 0.9814,                0.98189,                0.99337,                0.69743,                 1.1633,                0.52951,                 1.6205,              0.0087625,              0.0087625,              0.0087625
                     27,                 1.1235,                0.71921,                 1.3746,                0.98857,                0.99338,                0.99461,                 0.7086,                 1.1242,                0.47364,                 1.5646,               0.008713,               0.008713,               0.008713
                     28,                 1.1257,                  0.713,                  1.378,                 0.9812,                0.99412,                0.99481,                0.71624,                 1.0806,                0.46953,                 1.5316,              0.0086635,              0.0086635,              0.0086635
                     29,                 1.1209,                  0.704,                 1.3706,                0.98757,                0.98824,                0.99351,                0.71845,                 1.1055,                0.48501,                 1.5531,               0.008614,               0.008614,               0.008614
                     30,                  1.113,                0.68816,                 1.3716,                0.99171,                0.98764,                0.99208,                 0.7027,                 1.1278,                0.48999,                 1.5714,              0.0085645,              0.0085645,              0.0085645
                     31,                 1.1067,                0.68668,                 1.3559,                0.98081,                0.98527,                0.99356,                0.71789,                 1.1455,                0.49131,                 1.6004,               0.008515,               0.008515,               0.008515
                     32,                 1.0942,                0.67867,                 1.3595,                0.98143,                0.99068,                0.99449,                0.71607,                 1.1059,                0.48175,                 1.5736,              0.0084655,              0.0084655,              0.0084655
                     33,                 1.0983,                0.68407,                 1.3533,                0.99475,                  0.992,                0.99426,                0.71833,                 1.1126,                0.45575,                 1.5616,               0.008416,               0.008416,               0.008416
                     34,                 1.0855,                0.66417,                 1.3437,                0.98924,                  0.989,                0.99292,                0.71741,                  1.106,                0.46382,                 1.5499,              0.0083665,              0.0083665,              0.0083665
                     35,                 1.0912,                0.66299,                 1.3511,                0.98573,                0.99135,                0.99412,                0.69573,                 1.1495,                0.48088,                 1.6071,               0.008317,               0.008317,               0.008317
                     36,                 1.0736,                0.64525,                 1.3373,                0.97042,                 0.9774,                0.99248,                0.70228,                 1.1442,                0.50769,                 1.5995,              0.0082675,              0.0082675,              0.0082675
                     37,                 1.0774,                0.65231,                 1.3425,                0.98698,                0.96289,                0.99218,                 0.7142,                 1.1469,                0.50078,                 1.5966,               0.008218,               0.008218,               0.008218
                     38,                 1.0738,                0.66081,                 1.3457,                0.98857,                0.97823,                  0.993,                0.70822,                 1.1352,                0.48693,                 1.5795,              0.0081685,              0.0081685,              0.0081685
                     39,                 1.0827,                0.63961,                 1.3436,                0.99309,                0.99216,                0.99416,                0.71861,                 1.0788,                0.44445,                 1.5208,               0.008119,               0.008119,               0.008119
                     40,                 1.0576,                0.62462,                 1.3296,                0.98943,                0.99502,                0.99476,                0.72027,                 1.1045,                0.44258,                 1.5504,              0.0080695,              0.0080695,              0.0080695
                     41,                 1.0589,                0.62937,                 1.3297,                0.99284,                0.99081,                0.99418,                0.73026,                 1.0759,                0.44632,                  1.537,                0.00802,                0.00802,                0.00802
                     42,                 1.0652,                0.62908,                 1.3343,                0.98788,                0.98709,                0.99312,                0.72914,                 1.0841,                0.45908,                 1.5361,              0.0079705,              0.0079705,              0.0079705
                     43,                 1.0582,                0.63254,                  1.336,                0.99344,                0.99354,                0.99375,                0.73153,                 1.0621,                0.43457,                 1.5258,               0.007921,               0.007921,               0.007921
                     44,                 1.0565,                0.62988,                  1.323,                0.98832,                0.98927,                0.99441,                0.72735,                 1.1072,                0.44666,                 1.5546,              0.0078715,              0.0078715,              0.0078715
                     45,                 1.0433,                 0.6097,                 1.3202,                0.99223,                0.99051,                 0.9945,                0.73283,                 1.0841,                0.44611,                  1.532,               0.007822,               0.007822,               0.007822
                     46,                  1.044,                0.61706,                 1.3218,                0.99406,                0.99708,                0.99486,                0.74035,                  1.036,                0.41777,                   1.49,              0.0077725,              0.0077725,              0.0077725
                     47,                 1.0382,                0.60158,                 1.3095,                0.95838,                0.97468,                0.99324,                 0.7278,                 1.0471,                0.49889,                 1.5042,               0.007723,               0.007723,               0.007723
                     48,                 1.0309,                0.59994,                 1.3045,                0.99148,                0.99463,                0.99471,                0.73898,                 1.0372,                0.41968,                  1.491,              0.0076735,              0.0076735,              0.0076735
                     49,                 1.0273,                 0.5998,                 1.3149,                0.99168,                0.99504,                0.99463,                0.73142,                 1.0626,                0.43322,                 1.5289,               0.007624,               0.007624,               0.007624
                     50,                 1.0225,                0.59731,                 1.3088,                0.99427,                0.99594,                0.99448,                0.74533,                 1.0319,                0.41473,                 1.4936,              0.0075745,              0.0075745,              0.0075745
                     51,                 1.0242,                0.59365,                 1.3043,                0.99557,                0.99474,                0.99427,                0.74098,                 1.0573,                 0.4149,                 1.5069,               0.007525,               0.007525,               0.007525
                     52,                 1.0237,                0.59186,                 1.3005,                0.98883,                0.99483,                0.99443,                0.74633,                 1.0321,                0.41728,                 1.4912,              0.0074755,              0.0074755,              0.0074755
                     53,                 1.0153,                0.57788,                 1.2918,                0.98988,                 0.9919,                0.99462,                0.74526,                 1.0275,                0.41446,                 1.4904,               0.007426,               0.007426,               0.007426
                     54,                 1.0102,                0.57173,                 1.2954,                0.99267,                0.99075,                0.99457,                 0.7513,                 1.0132,                0.41041,                 1.4706,              0.0073765,              0.0073765,              0.0073765
                     55,                0.99318,                0.56945,                 1.2887,                0.99731,                0.99032,                0.99438,                0.75782,                 1.0158,                0.40969,                 1.4842,               0.007327,               0.007327,               0.007327
                     56,                 1.0068,                0.57473,                 1.2951,                0.99602,                0.99685,                0.99459,                0.74823,                 1.0291,                 0.4005,                 1.4936,              0.0072775,              0.0072775,              0.0072775
                     57,                0.99912,                0.56159,                 1.2874,                0.99532,                0.99809,                0.99449,                0.74704,                  1.039,                0.41121,                 1.4951,               0.007228,               0.007228,               0.007228
                     58,                0.99661,                0.56557,                 1.2894,                0.99085,                0.99568,                0.99481,                0.73597,                 1.0545,                0.41603,                 1.5104,              0.0071785,              0.0071785,              0.0071785
                     59,                0.98803,                0.56281,                 1.2876,                0.99496,                0.99597,                0.99431,                0.75147,                 1.0139,                0.39565,                 1.4689,               0.007129,               0.007129,               0.007129
                     60,                 0.9839,                0.55156,                 1.2781,                0.99364,                0.99686,                0.99437,                0.75121,                 1.0162,                0.39814,                 1.4688,              0.0070795,              0.0070795,              0.0070795
                     61,                0.99237,                0.55887,                 1.2839,                0.99317,                0.99334,                0.99425,                0.73907,                  1.052,                0.40754,                 1.5152,                0.00703,                0.00703,                0.00703
                     62,                0.99165,                0.56374,                 1.2789,                0.97325,                0.99331,                0.99232,                0.74739,                 1.0103,                0.42339,                 1.4669,              0.0069805,              0.0069805,              0.0069805
                     63,                0.98325,                0.56549,                 1.2792,                0.99521,                0.99707,                0.99461,                 0.7498,                 1.0258,                0.39611,                 1.4821,               0.006931,               0.006931,               0.006931
                     64,                0.97994,                0.56127,                 1.2828,                0.99622,                0.99859,                0.99477,                  0.759,                0.99932,                0.39026,                 1.4547,              0.0068815,              0.0068815,              0.0068815
                     65,                 0.9709,                0.54114,                  1.269,                0.99709,                0.99822,                0.99476,                0.75839,                 1.0015,                0.38179,                  1.461,               0.006832,               0.006832,               0.006832
                     66,                0.97846,                 0.5436,                 1.2744,                0.99413,                0.99752,                0.99463,                0.76178,                0.98975,                0.38889,                 1.4499,              0.0067825,              0.0067825,              0.0067825
                     67,                0.97725,                0.55599,                 1.2692,                0.99082,                0.99477,                0.99447,                0.74336,                 1.0366,                0.40207,                 1.4877,               0.006733,               0.006733,               0.006733
                     68,                0.96495,                0.54948,                 1.2723,                0.99375,                0.99728,                 0.9944,                 0.7557,                 0.9944,                0.38452,                 1.4579,              0.0066835,              0.0066835,              0.0066835
                     69,                0.96687,                0.53461,                 1.2641,                0.99422,                0.99599,                0.99448,                0.75904,                0.98409,                0.38261,                 1.4486,               0.006634,               0.006634,               0.006634
                     70,                0.95951,                0.53029,                 1.2638,                0.99501,                0.99659,                0.99452,                 0.7615,                 1.0077,                0.39626,                 1.4666,              0.0065845,              0.0065845,              0.0065845
                     71,                0.96554,                0.52766,                 1.2646,                0.99537,                  0.998,                0.99461,                0.76318,                0.97769,                0.37444,                 1.4406,               0.006535,               0.006535,               0.006535
                     72,                0.97332,                0.53997,                 1.2762,                0.99696,                0.99758,                0.99445,                0.75956,                 1.0008,                0.37949,                 1.4595,              0.0064855,              0.0064855,              0.0064855
                     73,                0.94879,                 0.5301,                  1.263,                0.99568,                0.99444,                0.99456,                0.75518,                0.99741,                0.39129,                 1.4631,               0.006436,               0.006436,               0.006436
                     74,                0.94242,                0.51686,                 1.2534,                0.99442,                0.99635,                0.99448,                0.75976,                 0.9952,                0.38101,                 1.4516,              0.0063865,              0.0063865,              0.0063865
                     75,                0.94293,                0.51956,                 1.2492,                 0.9957,                0.99448,                0.99433,                0.76322,                0.99914,                0.37288,                 1.4623,               0.006337,               0.006337,               0.006337
                     76,                0.94502,                0.51823,                 1.2548,                0.99501,                0.99685,                0.99419,                0.75627,                0.98461,                0.38229,                 1.4576,              0.0062875,              0.0062875,              0.0062875
                     77,                0.94218,                0.53392,                 1.2566,                0.98498,                0.99212,                0.99435,                0.74815,                 1.0234,                0.39933,                 1.4809,               0.006238,               0.006238,               0.006238
                     78,                0.94137,                0.51643,                 1.2445,                0.99398,                0.99736,                0.99436,                0.76463,                 0.9852,                0.36785,                  1.442,              0.0061885,              0.0061885,              0.0061885
                     79,                0.93923,                0.50671,                 1.2499,                0.99722,                0.99813,                0.99445,                0.75527,                0.99101,                0.37374,                 1.4597,               0.006139,               0.006139,               0.006139
                     80,                0.93775,                0.51208,                 1.2551,                0.99385,                0.99744,                0.99453,                0.75489,                  1.031,                0.38673,                 1.4902,              0.0060895,              0.0060895,              0.0060895
                     81,                0.94051,                0.52134,                 1.2471,                0.99511,                0.99508,                0.99474,                0.75405,                 1.0006,                0.38825,                 1.4615,                0.00604,                0.00604,                0.00604
                     82,                0.93053,                 0.5119,                 1.2403,                0.99629,                0.99868,                0.99467,                0.75846,                0.99957,                0.37666,                 1.4583,              0.0059905,              0.0059905,              0.0059905
                     83,                0.93821,                0.51614,                 1.2544,                0.99629,                0.99733,                0.99485,                0.76283,                 1.0022,                0.37557,                  1.459,               0.005941,               0.005941,               0.005941
                     84,                0.94054,                0.52149,                 1.2576,                0.99775,                0.99868,                0.99438,                0.76639,                0.98719,                 0.3665,                 1.4462,              0.0058915,              0.0058915,              0.0058915
                     85,                0.93119,                0.50722,                  1.244,                0.99766,                0.99868,                0.99451,                0.75436,                0.99964,                0.37343,                 1.4609,               0.005842,               0.005842,               0.005842
                     86,                0.93452,                0.50829,                 1.2522,                0.99752,                0.99801,                0.99427,                0.76416,                0.99154,                0.37338,                 1.4565,              0.0057925,              0.0057925,              0.0057925
                     87,                0.91743,                0.49909,                 1.2415,                 0.9963,                0.99806,                 0.9943,                0.76493,                0.98783,                 0.3588,                 1.4458,               0.005743,               0.005743,               0.005743
                     88,                0.92891,                0.50442,                 1.2425,                0.99704,                0.99803,                0.99443,                0.76433,                0.99743,                0.37035,                 1.4588,              0.0056935,              0.0056935,              0.0056935
                     89,                0.92397,                0.50075,                 1.2358,                0.99595,                0.99817,                 0.9946,                0.76112,                0.99577,                0.36569,                 1.4552,               0.005644,               0.005644,               0.005644
                     90,                0.93428,                0.50358,                 1.2514,                0.99493,                0.99698,                0.99422,                0.76592,                0.98353,                0.37048,                 1.4485,              0.0055945,              0.0055945,              0.0055945
                     91,                0.91747,                0.50586,                 1.2404,                0.99632,                0.99868,                0.99476,                0.76389,                0.98398,                0.36525,                 1.4434,               0.005545,               0.005545,               0.005545
                     92,                0.90732,                0.48645,                 1.2246,                0.98935,                0.98735,                 0.9929,                0.76183,                0.99466,                0.38403,                 1.4621,              0.0054955,              0.0054955,              0.0054955
                     93,                0.89754,                0.48527,                 1.2319,                0.99504,                0.99578,                0.99445,                0.76279,                0.97733,                0.36622,                 1.4423,               0.005446,               0.005446,               0.005446
                     94,                0.91514,                 0.4989,                 1.2238,                0.99378,                0.99598,                 0.9943,                0.76519,                0.97474,                0.37127,                 1.4406,              0.0053965,              0.0053965,              0.0053965
                     95,                0.91229,                0.48881,                 1.2308,                0.99217,                0.99563,                 0.9944,                0.76484,                0.98955,                0.37614,                 1.4622,               0.005347,               0.005347,               0.005347
                     96,                0.89752,                0.48284,                 1.2312,                0.99649,                0.99729,                 0.9945,                0.76188,                 0.9955,                0.36679,                 1.4662,              0.0052975,              0.0052975,              0.0052975
                     97,                0.91778,                0.49209,                 1.2326,                0.99518,                0.99564,                0.99457,                0.76835,                0.97874,                0.36854,                 1.4446,               0.005248,               0.005248,               0.005248
                     98,                0.89407,                0.47054,                 1.2233,                0.99507,                0.99737,                0.99452,                0.76739,                0.98101,                0.35828,                 1.4457,              0.0051985,              0.0051985,              0.0051985
                     99,                  0.918,                 0.4903,                  1.239,                0.99532,                0.99628,                0.99473,                0.77071,                0.98488,                0.35888,                 1.4461,               0.005149,               0.005149,               0.005149
                    100,                0.89477,                0.47357,                 1.2243,                0.99626,                0.99673,                0.99425,                0.77123,                0.98365,                 0.3592,                 1.4456,              0.0050995,              0.0050995,              0.0050995
                    101,                0.88827,                 0.4777,                 1.2137,                0.99568,                0.99655,                0.99362,                0.76327,                0.98114,                0.36644,                 1.4567,                0.00505,                0.00505,                0.00505
                    102,                0.88978,                0.48812,                 1.2182,                0.99728,                0.99771,                0.99421,                0.77163,                0.96226,                0.34977,                 1.4324,              0.0050005,              0.0050005,              0.0050005
                    103,                0.89726,                0.48908,                 1.2315,                 0.9956,                0.99558,                0.99393,                 0.7733,                 0.9677,                0.36271,                  1.436,               0.004951,               0.004951,               0.004951
                    104,                0.88887,                  0.484,                 1.2205,                0.99312,                0.99837,                0.99443,                0.76304,                0.96697,                0.35573,                 1.4413,              0.0049015,              0.0049015,              0.0049015
                    105,                0.88928,                  0.475,                 1.2163,                0.99634,                0.99758,                 0.9943,                0.76419,                 0.9793,                0.35358,                 1.4566,               0.004852,               0.004852,               0.004852
                    106,                0.88989,                 0.4782,                 1.2164,                  0.995,                0.99757,                0.99463,                0.76849,                0.97138,                0.34887,                 1.4452,              0.0048025,              0.0048025,              0.0048025
                    107,                0.88273,                0.47696,                 1.2151,                0.99595,                0.99603,                0.99449,                0.77229,                0.95553,                 0.3485,                 1.4342,               0.004753,               0.004753,               0.004753
                    108,                0.88305,                0.47391,                 1.2143,                0.99505,                0.99638,                0.99383,                0.76768,                0.97619,                0.36165,                 1.4413,              0.0047035,              0.0047035,              0.0047035
                    109,                0.88397,                0.46538,                  1.216,                0.99431,                0.99761,                0.99448,                0.76566,                0.96985,                0.34755,                 1.4368,               0.004654,               0.004654,               0.004654
                    110,                0.87968,                0.46068,                 1.2085,                0.99704,                0.99806,                0.99437,                 0.7694,                0.96891,                0.34792,                 1.4339,              0.0046045,              0.0046045,              0.0046045
                    111,                0.88031,                0.46984,                 1.2101,                0.99593,                0.99704,                0.99352,                0.76692,                0.97813,                0.35586,                 1.4457,               0.004555,               0.004555,               0.004555
                    112,                0.87928,                0.47174,                 1.2136,                0.99683,                0.99843,                 0.9947,                0.76583,                 0.9823,                0.35072,                 1.4496,              0.0045055,              0.0045055,              0.0045055
                    113,                0.87064,                0.46183,                 1.2111,                 0.9955,                0.99801,                0.99447,                0.76261,                0.99083,                0.35281,                 1.4666,               0.004456,               0.004456,               0.004456
                    114,                0.86805,                0.46556,                  1.207,                 0.9976,                0.99776,                0.99431,                0.76871,                0.98991,                0.35769,                 1.4557,              0.0044065,              0.0044065,              0.0044065
                    115,                0.88984,                0.47076,                 1.2204,                0.99384,                0.99561,                0.99406,                0.76406,                0.97296,                0.35042,                 1.4457,               0.004357,               0.004357,               0.004357
                    116,                0.88592,                0.46874,                 1.2179,                0.99573,                0.99745,                0.99462,                0.76927,                0.98177,                0.35256,                 1.4485,              0.0043075,              0.0043075,              0.0043075
                    117,                0.86109,                0.45829,                  1.202,                0.99457,                0.99595,                0.99453,                0.77293,                0.96878,                0.35187,                 1.4433,               0.004258,               0.004258,               0.004258
                    118,                0.85211,                0.45098,                 1.1986,                0.99551,                0.99868,                0.99461,                0.77116,                0.96802,                0.34495,                 1.4431,              0.0042085,              0.0042085,              0.0042085
                    119,                 0.8546,                0.45702,                 1.1978,                0.99533,                0.99654,                0.99466,                0.77258,                0.96386,                0.34413,                 1.4343,               0.004159,               0.004159,               0.004159
                    120,                0.86278,                0.45314,                 1.2034,                0.99746,                0.99818,                 0.9948,                 0.7776,                0.95376,                0.34227,                 1.4296,              0.0041095,              0.0041095,              0.0041095
                    121,                0.85709,                0.45636,                 1.1991,                0.99726,                0.99868,                0.99436,                0.77938,                0.95394,                0.34658,                 1.4218,                0.00406,                0.00406,                0.00406
                    122,                0.84803,                0.45095,                 1.1956,                0.99752,                0.99868,                0.99457,                0.77459,                0.95244,                0.34002,                 1.4222,              0.0040105,              0.0040105,              0.0040105
                    123,                0.85725,                0.45586,                 1.2002,                0.99608,                0.99745,                0.99458,                0.77725,                0.95918,                 0.3361,                 1.4237,               0.003961,               0.003961,               0.003961
                    124,                0.84426,                0.44873,                   1.19,                0.99731,                0.99751,                0.99452,                 0.7724,                0.96069,                0.34507,                 1.4279,              0.0039115,              0.0039115,              0.0039115
                    125,                0.84527,                0.44522,                 1.1935,                0.99678,                0.99868,                0.99459,                0.77927,                0.96928,                0.34116,                 1.4362,               0.003862,               0.003862,               0.003862
                    126,                 0.8523,                0.45159,                 1.1903,                0.99779,                0.99868,                0.99477,                0.77933,                0.96352,                0.34131,                 1.4342,              0.0038125,              0.0038125,              0.0038125
                    127,                0.84114,                0.43982,                 1.1941,                0.99772,                0.99771,                0.99445,                0.77078,                0.97522,                0.34765,                 1.4422,               0.003763,               0.003763,               0.003763
                    128,                0.85063,                0.44558,                 1.1984,                0.99367,                0.99651,                0.99486,                0.77845,                0.97008,                0.34508,                 1.4454,              0.0037135,              0.0037135,              0.0037135
                    129,                0.83646,                0.42894,                 1.1838,                0.99636,                0.99719,                0.99444,                0.77557,                0.98157,                   0.35,                 1.4599,               0.003664,               0.003664,               0.003664
                    130,                0.84234,                0.43507,                 1.1893,                0.99713,                0.99868,                0.99496,                0.78691,                0.95015,                0.33751,                 1.4224,              0.0036145,              0.0036145,              0.0036145
                    131,                0.84843,                0.44539,                 1.1872,                0.99634,                0.99736,                0.99422,                0.77761,                0.95267,                   0.34,                 1.4275,               0.003565,               0.003565,               0.003565
                    132,                0.84255,                0.44078,                 1.1943,                0.99728,                0.99841,                0.99465,                0.78032,                0.95699,                0.33628,                 1.4217,              0.0035155,              0.0035155,              0.0035155
                    133,                0.83959,                0.44025,                  1.189,                0.99768,                0.99833,                0.99485,                0.78449,                0.95429,                0.33604,                 1.4189,               0.003466,               0.003466,               0.003466
                    134,                0.82797,                 0.4282,                 1.1836,                 0.9973,                0.99847,                0.99486,                0.77929,                0.96342,                0.33299,                 1.4286,              0.0034165,              0.0034165,              0.0034165
                    135,                0.82964,                0.43526,                 1.1815,                0.99735,                0.99795,                0.99465,                0.78198,                 0.9573,                0.33237,                 1.4333,               0.003367,               0.003367,               0.003367
                    136,                 0.8419,                0.43239,                 1.1944,                0.99602,                0.99759,                0.99471,                0.77615,                0.96017,                0.34113,                 1.4242,              0.0033175,              0.0033175,              0.0033175
                    137,                0.82917,                0.43402,                  1.182,                0.99753,                0.99868,                0.99485,                0.78137,                0.94273,                0.32971,                 1.4121,               0.003268,               0.003268,               0.003268
                    138,                0.82084,                0.42511,                 1.1806,                0.99718,                0.99851,                0.99472,                0.78084,                0.96214,                0.33729,                 1.4337,              0.0032185,              0.0032185,              0.0032185
                    139,                0.82494,                0.43404,                 1.1744,                0.99721,                 0.9982,                0.99485,                0.78141,                0.94919,                0.33184,                 1.4215,               0.003169,               0.003169,               0.003169
                    140,                0.82581,                0.42303,                 1.1761,                0.99781,                 0.9978,                0.99487,                0.77712,                0.95425,                0.33323,                 1.4236,              0.0031195,              0.0031195,              0.0031195
                    141,                0.81576,                 0.4206,                 1.1773,                 0.9962,                0.99719,                0.99486,                0.77669,                0.95739,                0.33884,                 1.4277,                0.00307,                0.00307,                0.00307
                    142,                0.81543,                0.42913,                 1.1717,                0.99607,                 0.9967,                0.99393,                0.77536,                0.95125,                0.33443,                  1.422,              0.0030205,              0.0030205,              0.0030205
                    143,                0.82076,                0.42683,                 1.1759,                0.99561,                0.99681,                0.99473,                0.78068,                0.96102,                0.33769,                 1.4345,               0.002971,               0.002971,               0.002971
                    144,                0.81253,                0.43632,                 1.1749,                0.99646,                 0.9975,                0.99465,                0.77944,                0.95784,                0.34013,                 1.4333,              0.0029215,              0.0029215,              0.0029215
                    145,                0.81292,                0.42333,                 1.1759,                0.99696,                0.99868,                0.99466,                0.77946,                0.96915,                 0.3349,                 1.4353,               0.002872,               0.002872,               0.002872
                    146,                0.80986,                0.41663,                 1.1654,                0.99668,                0.99693,                0.99459,                0.78405,                0.94608,                0.33504,                 1.4175,              0.0028225,              0.0028225,              0.0028225
                    147,                0.81205,                  0.419,                 1.1646,                0.99768,                0.99693,                0.99469,                0.78054,                   0.96,                0.33751,                 1.4406,               0.002773,               0.002773,               0.002773
                    148,                0.81655,                0.42152,                 1.1621,                0.99774,                0.99802,                0.99469,                0.77974,                0.96443,                0.33046,                  1.449,              0.0027235,              0.0027235,              0.0027235
                    149,                0.81116,                0.41833,                   1.17,                0.99732,                0.99777,                0.99472,                0.78238,                 0.9523,                0.33044,                 1.4338,               0.002674,               0.002674,               0.002674
                    150,                 0.7934,                 0.4118,                 1.1602,                 0.9979,                0.99804,                0.99485,                0.78151,                0.95199,                0.32798,                 1.4274,              0.0026245,              0.0026245,              0.0026245
                    151,                0.81064,                0.41933,                 1.1684,                0.99768,                0.99868,                0.99454,                 0.7813,                0.95453,                0.33065,                  1.436,               0.002575,               0.002575,               0.002575
                    152,                0.79981,                0.40723,                 1.1617,                0.99784,                0.99862,                0.99466,                0.78622,                0.95343,                0.32689,                 1.4353,              0.0025255,              0.0025255,              0.0025255
                    153,                0.79217,                0.40879,                   1.16,                0.99792,                0.99868,                0.99459,                0.78261,                0.95321,                0.33211,                 1.4363,               0.002476,               0.002476,               0.002476
                    154,                0.79426,                0.41271,                 1.1594,                0.99781,                0.99868,                0.99438,                0.78828,                0.94157,                0.32892,                 1.4163,              0.0024265,              0.0024265,              0.0024265
                    155,                  0.797,                0.40895,                 1.1659,                0.99785,                0.99801,                0.99454,                0.78231,                0.95021,                 0.3274,                 1.4245,               0.002377,               0.002377,               0.002377
                    156,                0.80512,                0.40827,                  1.167,                0.99776,                0.99868,                0.99443,                0.78316,                0.94978,                0.32675,                 1.4235,              0.0023275,              0.0023275,              0.0023275
                    157,                0.78671,                 0.4016,                 1.1558,                0.99683,                0.99842,                0.99437,                0.78835,                0.95199,                0.32863,                  1.429,               0.002278,               0.002278,               0.002278
                    158,                0.79655,                0.40799,                 1.1614,                0.99743,                0.99868,                0.99439,                0.78213,                 0.9486,                0.32637,                 1.4279,              0.0022285,              0.0022285,              0.0022285
                    159,                0.79446,                0.40714,                 1.1583,                0.99776,                0.99863,                0.99467,                0.78732,                0.94985,                0.32434,                 1.4279,               0.002179,               0.002179,               0.002179
                    160,                0.79978,                0.41414,                 1.1625,                0.99746,                0.99828,                0.99466,                0.78247,                0.95358,                0.32847,                 1.4327,              0.0021295,              0.0021295,              0.0021295
                    161,                 0.7858,                0.40325,                 1.1504,                0.99731,                0.99804,                0.99475,                0.78055,                0.96297,                0.32688,                 1.4429,                0.00208,                0.00208,                0.00208
                    162,                0.77991,                0.39287,                 1.1541,                0.99718,                0.99756,                0.99429,                0.78241,                0.95456,                0.32746,                 1.4354,              0.0020305,              0.0020305,              0.0020305
                    163,                0.78159,                0.40906,                 1.1592,                0.99753,                0.99828,                0.99444,                0.78104,                 0.9586,                0.32806,                 1.4375,               0.001981,               0.001981,               0.001981
                    164,                0.76535,                0.39069,                 1.1308,                0.99773,                0.99808,                0.99452,                0.78171,                0.95916,                0.32802,                 1.4372,              0.0019315,              0.0019315,              0.0019315
                    165,                0.77958,                0.39775,                 1.1412,                0.99737,                0.99776,                0.99465,                0.78297,                0.95927,                 0.3298,                 1.4421,               0.001882,               0.001882,               0.001882
                    166,                0.77349,                0.39124,                 1.1487,                 0.9976,                0.99776,                0.99436,                  0.786,                0.96316,                0.33026,                 1.4423,              0.0018325,              0.0018325,              0.0018325
                    167,                0.75816,                0.39109,                  1.146,                0.99809,                 0.9984,                0.99428,                0.78126,                0.95754,                 0.3294,                 1.4431,               0.001783,               0.001783,               0.001783
                    168,                0.77442,                 0.3955,                 1.1484,                0.99784,                0.99859,                0.99445,                0.78059,                0.95064,                0.32523,                 1.4357,              0.0017335,              0.0017335,              0.0017335
                    169,                0.76344,                0.39173,                 1.1424,                0.99784,                 0.9977,                0.99474,                0.78167,                0.95208,                0.32655,                 1.4406,               0.001684,               0.001684,               0.001684
                    170,                0.76544,                0.39162,                 1.1341,                0.99761,                0.99784,                0.99474,                0.78108,                0.94924,                0.32361,                 1.4408,              0.0016345,              0.0016345,              0.0016345
                    171,                0.77486,                 0.3909,                 1.1466,                0.99772,                0.99782,                0.99467,                0.78364,                0.95082,                0.32636,                 1.4365,               0.001585,               0.001585,               0.001585
                    172,                0.76744,                0.39119,                 1.1403,                0.99803,                0.99829,                0.99463,                0.78454,                 0.9546,                0.32555,                 1.4404,              0.0015355,              0.0015355,              0.0015355
                    173,                0.75947,                0.38792,                 1.1468,                0.99816,                 0.9977,                0.99462,                 0.7861,                0.95175,                0.32559,                 1.4358,               0.001486,               0.001486,               0.001486
                    174,                0.76039,                0.39103,                 1.1465,                0.99786,                0.99812,                0.99468,                0.78622,                 0.9554,                0.32498,                 1.4423,              0.0014365,              0.0014365,              0.0014365
                    175,                0.76499,                0.38642,                 1.1416,                0.99792,                0.99868,                0.99471,                0.78302,                0.95372,                0.32384,                 1.4434,               0.001387,               0.001387,               0.001387
                    176,                0.75272,                0.37887,                 1.1361,                0.99781,                0.99809,                0.99449,                0.78159,                0.96212,                0.32232,                 1.4517,              0.0013375,              0.0013375,              0.0013375
                    177,                0.74796,                0.38256,                 1.1353,                0.99794,                0.99767,                0.99464,                 0.7829,                 0.9485,                 0.3221,                  1.442,               0.001288,               0.001288,               0.001288
                    178,                0.75756,                0.38875,                 1.1371,                0.99813,                0.99868,                0.99469,                0.78063,                0.95885,                0.32407,                 1.4459,              0.0012385,              0.0012385,              0.0012385
                    179,                 0.7494,                0.37897,                 1.1389,                0.99809,                0.99868,                0.99443,                  0.783,                0.95966,                0.32499,                 1.4471,               0.001189,               0.001189,               0.001189
                    180,                0.75226,                0.38936,                 1.1444,                0.99802,                0.99868,                0.99458,                0.78742,                0.94976,                0.32066,                 1.4422,              0.0011395,              0.0011395,              0.0011395
                    181,                0.75366,                0.38351,                 1.1376,                  0.998,                0.99868,                0.99465,                 0.7838,                0.96015,                0.32027,                 1.4535,                0.00109,                0.00109,                0.00109
                    182,                 0.7399,                0.38039,                  1.129,                0.99801,                0.99839,                0.99475,                0.78302,                0.95901,                0.32094,                 1.4463,              0.0010405,              0.0010405,              0.0010405
                    183,                 0.7519,                0.37899,                 1.1353,                0.99803,                0.99868,                0.99467,                0.78597,                0.95297,                0.32074,                   1.44,               0.000991,               0.000991,               0.000991
                    184,                 0.7523,                0.38015,                 1.1352,                0.99793,                0.99868,                0.99471,                 0.7846,                0.95483,                0.32271,                 1.4413,              0.0009415,              0.0009415,              0.0009415
                    185,                0.75083,                0.38202,                 1.1267,                0.99801,                0.99868,                0.99458,                0.78608,                0.95684,                0.32189,                 1.4449,               0.000892,               0.000892,               0.000892
                    186,                0.75137,                 0.3842,                 1.1377,                0.99803,                0.99868,                0.99462,                0.78573,                0.94944,                0.31932,                   1.44,              0.0008425,              0.0008425,              0.0008425
                    187,                0.75403,                0.37885,                 1.1308,                0.99808,                0.99868,                0.99464,                0.78573,                0.95316,                 0.3197,                 1.4436,               0.000793,               0.000793,               0.000793
                    188,                0.72489,                0.37029,                  1.115,                  0.998,                0.99868,                0.99441,                0.78298,                0.95257,                0.31914,                 1.4421,              0.0007435,              0.0007435,              0.0007435
                    189,                0.73653,                0.37261,                 1.1223,                0.99798,                0.99868,                0.99461,                0.78311,                0.95354,                0.31946,                 1.4455,               0.000694,               0.000694,               0.000694
                    190,                0.71084,                0.30006,                 1.2043,                0.99808,                0.99868,                0.99465,                0.78372,                0.95658,                0.32068,                 1.4481,              0.0006445,              0.0006445,              0.0006445
                    191,                0.68335,                0.28998,                 1.1945,                0.99812,                0.99868,                0.99456,                0.78595,                0.94993,                0.31923,                 1.4396,               0.000595,               0.000595,               0.000595
                    192,                0.67851,                0.28673,                 1.1851,                0.99796,                0.99868,                0.99455,                0.78395,                0.94761,                0.32062,                 1.4365,              0.0005455,              0.0005455,              0.0005455
                    193,                0.67842,                0.28336,                 1.1862,                0.99784,                0.99868,                0.99465,                0.78541,                0.95391,                 0.3199,                 1.4418,               0.000496,               0.000496,               0.000496
                    194,                0.67499,                0.28389,                 1.1852,                0.99809,                0.99868,                0.99471,                0.78531,                0.94827,                0.31863,                 1.4365,              0.0004465,              0.0004465,              0.0004465
                    195,                0.66906,                 0.2812,                 1.1817,                0.99794,                0.99868,                0.99475,                0.78649,                0.94903,                0.32041,                 1.4359,               0.000397,               0.000397,               0.000397
                    196,                0.67189,                0.28014,                 1.1791,                0.99795,                0.99868,                0.99469,                0.78699,                0.95022,                0.31988,                 1.4396,              0.0003475,              0.0003475,              0.0003475
                    197,                0.66829,                0.27765,                 1.1742,                0.99797,                0.99868,                0.99465,                0.78761,                0.94757,                0.31996,                 1.4388,               0.000298,               0.000298,               0.000298
                    198,                0.66394,                0.27758,                 1.1719,                0.99801,                0.99868,                0.99463,                0.78732,                0.94616,                0.31694,                 1.4366,              0.0002485,              0.0002485,              0.0002485
                    199,                0.65978,                0.27584,                 1.1703,                 0.9981,                0.99868,                0.99459,                0.78656,                0.94542,                0.31725,                 1.4347,               0.000199,               0.000199,               0.000199
